<bingoals>
<version version="1"></version>	
	<info title="Test Bingo Goals" description="This is a file using for testing the bingo tool"></info>
  <goals>
    <veryhardgoals>
      <goal name="Easy goal 1" description="AA" difficulty="0" length="5"></goal>
      <goal name="Easy goal 2" description="AA" difficulty="0" length="1"></goal>
      <goal name="Easy goal 3" description="AA" difficulty="0" length="2"></goal>
      <goal name="Easy goal 4" description="AA" difficulty="0" length="3"></goal>
      <goal name="Easy goal 5" description="AA" difficulty="0" length="1"></goal>
      <goal name="Easy goal 6" description="AA" difficulty="0" length="2"></goal>
      <goal name="Easy goal 7" description="AA" difficulty="0" length="3"></goal>
      <goal name="Easy goal 8" description="AA" difficulty="0"></goal>
      <goal name="Easy goal 9" description="AA" difficulty="0"></goal>
      <goal name="Easy goal A" description="AA" difficulty="0"></goal>
      <goal name="Easy goal B" description="AA" difficulty="0"></goal>
      <goal name="Easy goal C" description="AA" difficulty="0"></goal>
      <goal name="Easy goal D" description="AA" difficulty="0"></goal>
      <goal name="Easy goal E" description="AA" difficulty="0"></goal>
      <goal name="Easy goal F" description="AA" difficulty="0"></goal>
      <goal name="Easy goal G" description="AA" difficulty="0"></goal>
      <goal name="Easy goal H" description="AA" difficulty="0"></goal>
      <goal name="Easy goal I" description="AA" difficulty="0"></goal>
      <goal name="Easy goal J" description="AA" difficulty="0"></goal>
      <goal name="Easy goal K" description="AA" difficulty="0"></goal>
      <goal name="Medium goal 1" description="AefwaefwaefA" difficulty="1"></goal>
      <goal name="Medium goal 2" description="AefwaefwaefA" difficulty="1"></goal>
      <goal name="Medium goal 3" description="AefwaefwaefA" difficulty="1"></goal>
      <goal name="Medium goal 4" description="AefwaefwaefA" difficulty="1"></goal>
      <goal name="Medium goal 5" description="AefwaefwaefA" difficulty="1"></goal>
      <goal name="Medium goal 6" description="AefwaefwaefA" difficulty="1"></goal>
      <goal name="Medium goal 7" description="AefwaefwaefA" difficulty="1"></goal>
      <goal name="Medium goal 8" description="AefwaefwaefA" difficulty="1"></goal>
      <goal name="Medium goal 9" description="AefwaefwaefA" difficulty="1"></goal>
      <goal name="Medium goal A" description="AefwaefwaefA" difficulty="1"></goal>
      <goal name="Medium goal B" description="AefwaefwaefA" difficulty="1"></goal>
      <goal name="Medium goal C" description="AefwaefwaefA" difficulty="1"></goal>
      <goal name="Hard goal 1" description="AfasdfasdfasfaA" difficulty="2"></goal>
      <goal name="Hard goal 2" description="AfasdfasdfasfaA" difficulty="2"></goal>
      <goal name="Hard goal 3" description="AfasdfasdfasfaA" difficulty="2"></goal>
      <goal name="Unproperly configured goal" description="asdfasdfasdfAA" difficulty="NaN"></goal>
      <goal name="Hard goal 4" description="AfasdfasdfasfaA" difficulty="2"></goal>
      <goal name="Hard goal 5" description="AfasdfasdfasfaA" difficulty="2"></goal>
      <goal name="Cure cancer" description="AASADasdfasFSDFSD" difficulty="3"></goal>
      <goal name="Travel to Mars" description="AASADfffFSDFSD" difficulty="3"></goal>
      <goal name="A goal with no description set" difficulty="3"></goal>
      <goal name="A goal with an extremely long name (yes, really long) and now it's even longer" description="AASADFSDFSD" difficulty="3"></goal>
      <goal name="Another poorly configured goal" description="AAFFFDFSDF"></goal>
    </veryhardgoals>
  </goals>
</bingoals>